"EDNAME,C,80",2022 Population
Tedavnet,1008
Tehallan,905
Tullycorbet,658
Carlow Urban,5049
Graigue Urban,1655
Clonmore,548
Hacketstown,1226
Haroldstown,314
Kineagh,371
Rahill,792
Rathvilly,931
Tiknock,348
Williamstown,327
Agha,419
Ballinacarrig,1122
Ballintemple,599
Ballon,788
Ballyellin,451
Ballymoon,351
Borris,1084
Burton Hall,529
Carlow Rural,16203
Clogrenan,1138
Clonegall,1105
Corries,560
Cranemore,1218
Fennagh,857
Garryhill,648
Grangeford,589
Johnstown,610
Kellistown,982
Kilbride,458
Killedmond,458
Killerrig,395
Leighlinbridge,1679
Muinebeag (Bagenalstown) Rural,719
Muinebeag (Bagenalstown) Urban,2945
Myshall,603
Nurney,893
Oldleighlin,606
Rathanna,137
Rathornan,438
Rathrush,1139
Ridge,298
Shangarry,568
Sliguff,559
Tankardstown,487
Templepeter,470
Tullowbeg,618
Tullow Rural,952
Tullow Urban,4397
Ballymurphy,282
Coonogue,211
Glynn,395
Kyle,360
Marley,433
Tinnahinch,654
Arran Quay A,1784
Arran Quay B,5529
Arran Quay C,4646
Arran Quay D,3308
Arran Quay E,3377
Ashtown A,12094
Ashtown B,2843
Ayrfield,5863
Ballybough A,4004
Ballybough B,4184
Ballygall A,3602
Ballygall B,1930
Ballygall C,3646
Ballygall D,2526
Ballymun A,5735
Ballymun B,4273
Ballymun C,5729
Ballymun D,2551
Ballymun E,1674
Ballymun F,2359
Beaumont A,2668
Beaumont B,5103
Beaumont C,3382
Beaumont D,2085
Beaumont E,1941
Beaumont F,3893
Botanic A,3331
Botanic B,3606
Botanic C,2362
Cabra East A,5910
Cabra East B,3746
Cabra East C,4239
Cabra West A,1441
Cabra West B,2646
Cabra West C,2883
Cabra West D,2816
Clontarf East A,3626
Clontarf East B,7204
Clontarf East C,3189
Clontarf East D,2859
Clontarf East E,1748
Clontarf West A,3758
Clontarf West B,2395
Clontarf West C,4130
Clontarf West D,2530
Clontarf West E,2483
Drumcondra South A,5923
Drumcondra South B,1889
Drumcondra South C,3337
Edenmore,2831
Finglas North A,3205
Finglas North B,2922
Finglas North C,3678
Finglas South A,2909
Finglas South B,4457
Finglas South C,2566
Finglas South D,2543
Grace Park,6272
Grange A,12598
Grange B,7438
Grange C,3086
Grange D,3952
Grange E,2578
Harmonstown A,2848
Harmonstown B,2921
Inns Quay A,4033
Inns Quay B,4537
Inns Quay C,3087
Kilmore A,3678
Kilmore B,2546
Kilmore C,1413
Kilmore D,2149
Mountjoy A,7374
Mountjoy B,4537
North City,6749
North Dock A,1406
North Dock B,10173
North Dock C,4328
Phoenix Park,1465
Priorswood A,1574
Priorswood B,2794
Priorswood C,4883
Priorswood D,2653
Priorswood E,2771
Raheny-Foxfield,2553
Raheny-Greendale,2262
Raheny-St. Assam,3919
Rotunda A,6528
Rotunda B,3589
Whitehall A,3117
Whitehall B,4371
Whitehall C,2908
Whitehall D,3279
Chapelizod,3397
Cherry Orchard A,3465
Carna,2897
Cherry Orchard C,4815
Crumlin A,3657
Crumlin B,3019
Crumlin C,2364
Crumlin D,4190
Crumlin E,2916
Crumlin F,3141
Decies,2713
Drumfinn,3632
Inchicore A,2557
Inchicore B,2728
Kilmainham A,2646
Kilmainham B,2638
Kilmainham C,4956
Kimmage A,1903
Kimmage B,3533
Kimmage C,3738
Kimmage D,2533
Kimmage E,3500
Kylemore,2557
Mansion House A,4298
Mansion House B,1021
Merchants Quay A,2749
Merchants Quay B,4343
Merchants Quay C,3814
Merchants Quay D,2575
Merchants Quay E,2651
Merchants Quay F,2328
Pembroke East A,5017
Pembroke East B,3852
Pembroke East C,4179
Pembroke East D,5368
Pembroke East E,3924
Pembroke West A,5144
Pembroke West B,3214
Pembroke West C,4385
Rathfarnham,5768
Rathmines East A,4979
Rathmines East B,5705
Rathmines East C,3484
Rathmines East D,2755
Rathmines West A,6115
Rathmines West B,3818
Rathmines West C,2857
Rathmines West D,3222
Rathmines West E,3712
Rathmines West F,2943
Royal Exchange A,5063
Royal Exchange B,2213
St. Kevin's,5732
South Dock,8320
Terenure A,3982
Terenure B,3746
Terenure C,1881
Terenure D,782
Ushers A,5117
Ushers B,1903
Ushers C,4069
Ushers D,2390
Ushers E,1859
Ushers F,3461
Walkinstown A,2947
Walkinstown B,2014
Walkinstown C,2481
Wood Quay A,2871
Wood Quay B,3907
Ballinascorney,874
Ballyboden,5246
Bohernabreena,5672
Clondalkin-Ballymount,2320
Clondalkin-Cappaghmore,2445
Clondalkin-Dunawley,11298
Clondalkin-Monastery,11357
Clondalkin-Moorfield,7024
Clondalkin-Rowlagh,4106
Clondalkin Village,9388
Edmondstown,5685
Firhouse-Ballycullen,10522
Firhouse-Knocklyon,3510
Firhouse Village,12254
Lucan-Esker,33849
Lucan Heights,5131
Lucan-St. Helen's,16805
Newcastle,5552
Palmerston Village,3689
Palmerston West,7323
Rathcoole,6590
Rathfarnham-Ballyroan,2743
Rathfarnham-Butterfield,3290
Rathfarnham-Hermitage,4378
Rathfarnham-St. Enda's,3952
Rathfarnham Village,3145
Saggart,6248
Tallaght-Avonbeg,1543
Tallaght-Belgard,1635
Tallaght-Fettercairn,11335
Tallaght-Glenview,2171
Tallaght-Jobstown,18125
Tallaght-Killinardan,3878
Tallaght-Kilnamanagh,4394
Tallaght-Kiltipper,9432
Tallaght-Kingswood,4291
Tallaght-Millbrook,3338
Tallaght-Oldbawn,4445
Tallaght-Springfield,11297
Tallaght-Tymon,5138
Templeogue-Cypress,2807
Templeogue-Kimmage Manor,4929
Templeogue-Limekiln,3821
Templeogue-Orwell,1991
Templeogue-Osprey,2258
Templeogue Village,2270
Terenure-Cherryfield,2229
Terenure-Greentrees,2948
Terenure-St. James,2404
Airport,6152
Balbriggan Rural,19347
Balbriggan Urban,8102
Baldoyle,8096
Balgriffin,5544
Ballyboghil,1629
Balscadden,743
Blanchardstown-Abbotstown,6551
Blanchardstown-Blakestown,43905
Blanchardstown-Coolmine,11271
Blanchardstown-Corduff,3689
Blanchardstown-Delwood,5144
Blanchardstown-Mulhuddart,4219
Blanchardstown-Roselawn,1647
Blanchardstown-Tyrrelstown,3343
Castleknock-Knockmaroon,20967
Castleknock-Park,6355
Clonmethan,933
Donabate,11783
Dubber,8931
Garristown,1801
Hollywood,1476
Holmpatrick,4147
Howth,8399
Kilsallaghan,2406
Kinsaley,11470
Lucan North,1765
Lusk,10774
Malahide East,8406
Malahide West,6014
Portmarnock North,4048
Portmarnock South,4729
Rush,11116
Skerries,8880
Sutton,5789
Swords-Forrest,15926
Swords-Glasmore,7674
Swords-Lissenhall,12065
Swords-Seatown,7465
Swords Village,2786
The Ward,13289
Turnapin,1730
Ballinteer-Broadford,2480
Ballinteer-Ludford,2110
Ballinteer-Marley,2222
Ballinteer-Meadowbroads,1696
Ballinteer-Meadowmount,1828
Ballinteer-Woodpark,5323
Ballybrack,2872
Blackrock-Booterstown,3629
Blackrock-Carysfort,6232
Blackrock-Central,3774
Blackrock-Glenomena,2000
Blackrock-Monkstown,3422
Blackrock-Newpark,2278
Blackrock-Seapoint,1519
Blackrock-Stradbrook,2612
Blackrock-Templehill,2810
Blackrock-Williamstown,2876
Cabinteely-Granitefield,2713
Cabinteely-Kilbogget,2683
Cabinteely-Loughlinstown,5362
Cabinteely-Pottery,5106
Churchtown-Castle,1911
Churchtown-Landscape,1446
Churchtown-Nutgrove,3190
Churchtown-Orwell,1968
Churchtown-Woodlawn,1529
Clonskeagh-Belfield,3754
Clonskeagh-Farranboley,1751
Clonskeagh-Milltown,2252
Clonskeagh-Roebuck,3365
Clonskeagh-Windy Arbour,3020
Dalkey-Avondale,1439
Dalkey-Bullock,1802
Dalkey-Coliemore,1354
Dalkey Hill,1536
Dalkey Upper,2144
Dundrum-Balally,8844
Dundrum-Kilmacud,3495
Dundrum-Sandyford,7638
Dundrum-Sweetmount,2689
Dundrum-Taney,2748
D∑n Laoghaire-East Central,2604
D∑n Laoghaire-Glasthule,2982
D∑n Laoghaire-Glenageary,4516
D∑n Laoghaire-Monkstown Farm,2321
D∑n Laoghaire-Mount Town,1915
D∑n Laoghaire-Sallynoggin East,2941
D∑n Laoghaire-Sallynoggin South,1434
D∑n Laoghaire-Sallynoggin West,4354
D∑n Laoghaire-Sandycove,3688
D∑n Laoghaire-Salthill,1758
D∑n Laoghaire-West Central,2726
Foxrock-Beechpark,1758
Foxrock-Carrickmines,6324
Foxrock-Deans Grange,2523
Foxrock-Torquay,1558
Glencullen,23596
Killiney North,3390
Killiney South,6386
Shankill-Rathmichael,5731
Shankill-Rathsallagh,3254
Shankill-Shanganagh,5522
Stillorgan-Deerpark,3001
Stillorgan-Kilmacud,4249
Stillorgan-Leopardstown,2973
Stillorgan-Merville,3275
Stillorgan-Mount Merrion,2445
Stillorgan-Priory,2269
Tibradden,945
Athy East Urban,4216
Athy West Urban,3123
Naas Urban,26306
Athy Rural,4548
Ballaghmoon,223
Ballitore,1245
Ballybrackan,660
Ballyshannon,1813
Belan,321
Bert,172
Burtown,421
Carrigeen,644
Castledermot,1853
Churchtown,554
Dunmanoge,461
Fontstown,456
Graney,803
Grangemellon,647
Harristown,479
Inchaquire,230
Johnstown,198
Kilberry,587
Kildangan,736
Kilkea,441
Kilrush,698
Lackagh,841
Monasterevin,5949
Moone,502
Narraghmore,867
Nurney,1196
Quinsborough,166
Skerries,717
Balraheen,2559
Celbridge,16066
Cloncurry,1648
Donadea,857
Donaghcumper,6652
Kilcock,8896
Leixlip,16755
Maynooth,18729
Straffan,2513
Ballynadrumny,580
Cadamstown,1554
Carbury,2345
Carrick,304
Cloncurry,490
Drehid,269
Dunfierth,804
Killinthomas,385
Kilpatrick,918
Kilrainy,773
Lullymore,201
Rathangan,3122
Thomastown,990
Windmill Cross,1225
Ballymore Eustace,1589
Ballysax East,2090
Ballysax West,1233
Bodenstown,5091
Carnalway,2043
Carragh,1854
Clane,8927
Donore,860
Downings,3091
Droichead Nua (Newbridge) Rural,2844
Droichead Nua (Newbridge) Urban,7874
Dunmurry,504
Feighcullen,646
Gilltown,1028
Kilcullen,3695
Kildare,11587
Kill,5565
Killashee,431
Kilmeage North,2707
Kilmeage South,2224
Kilteel,638
Ladytown,990
Morristownbiller,16107
Naas Rural,3351
Newtown,1019
Oldconnell,1043
Oughterard,846
Pollardstown,337
Rathernan,683
Rathmore,1175
Robertstown,2344
Timahoe North,1254
Timahoe South,830
Usk,566
Kilkenny No. 1 Urban,5650
Kilkenny No. 2 Urban,4118
Burnchurch,617
Callan Rural,1932
Callan Urban,1969
Coolaghmore,467
Dunamaggan,460
Earlstown,235
Kells,681
Killamery,237
Kilmaganny,707
Kilmanagh,560
Mallardstown,217
Scotsborough,174
Tullaghanbrogue,546
Boolyglass,155
Fiddown,1075
Muckalee,169
Pilltown,2002
Templeorum,468
Tubbrid,475
Tullahought,250
Whitechurch,453
Attanagh,404
Ballyragget,1587
Castlecomer,2397
Clogh,1288
Clogharinka,264
Kilmacar,471
Moneenroe,1311
Mothell,499
Muckalee,625
Brownsford,148
Dysartmoon,265
Jerpoint West,286
Listerlin,428
Rosbercon Rural,704
Shanbogh,501
The Rower,865
Ballinamara,390
Ballybeagh,327
Ballycallan,461
Clara,756
Coolcraheen,532
Dunbell,525
Dunmore,675
Freshford,989
Gowran,1556
Grange,903
Kilkenny Rural,18603
Kilkieran,709
Odagh,486
Outrath,768
Paulstown,1063
Rathcoole,558
Rathealy,211
St. Canice,607
Shankill,929
Tiscoffin,519
Tullaroan,322
Aghaviller,477
Ballyhale,428
Ballyvool,221
Bennettsbridge,1163
Bramblestown,291
Castlebanny,156
Castlegannon,160
Coolhill,280
Danesfort,464
Ennisnag,530
Famma,341
Freaghana,267
Goresbridge,541
Graiguenamanagh,1860
Inistioge,849
Jerpoint Church,955
Kilfane,288
Kilkeasy,399
Kiltorcan,188
Knocktopher,543
Pleberstown,202
Powerstown,524
Stonyford,721
Thomastown,2342
Tullaherin,230
Ullard,307
Woolengrange,366
Balleen,517
Ballyconra,239
Baunmore,122
Clomantagh,347
Galmoy,361
Glashare,311
Johnstown,877
Lisdowney,287
Rathbeagh,287
Tubbridbrittain,307
Urlingford,1453
Aglish,975
Ballincrea,348
Dunkitt,1001
Farnoge,336
Kilbeacon,214
Kilbride,401
Kilcolumb,621
Kilculliheen,5766
Killahy,703
Kilmakevoge,427
Pollrone,1501
Portnascully,1137
Rathpatrick,1121
Rossinan,801
Ullid,1058
Abbeyleix,2979
Aghmacart,377
Ballinakill,838
Ballyroan,1193
Blandsfort,338
Caher,108
Castletown,835
Clash,372
Clonkeen,693
Colt,180
Cuffsborough,360
Cullahill,362
Cullenagh,151
Donaghmore,273
Donore,486
Dunmore,284
Durrow,1383
Dysartgallen,275
Fossy,183
Grantstown,388
Kilcoke,141
Kildellig,297
Killermogh,358
Kilnaseer,325
Raheen,495
Rathdowney,1317
Timahoe,664
Ballyadams,437
Ballylynan,1527
Barrowhouse,518
Curraclone,269
Killabban,456
Luggacurren,329
Moyanna,410
Rathaspick,287
Stradbally,1912
Tankardstown,405
Timogue,366
Vicarstown,192
Arderin,292
Ballybrittas,1520
Ballycarroll,398
Ballyfin,711
Borris,1797
Brisha/Capard,328
Cappalough,361
Cardtown,169
Castlecuffe,423
Clonaslee,954
Clondarrig,2753
Clonin,243
Coolrain,328
Dangans,1524
Emo,1338
Garrymore,264
Graigue,264
Jamestown,532
Kilcolmanbane,627
Kilmullen,599
Kilmurry,305
Lacka,309
Marymount,148
Meelick,420
Mountmellick Rural,1090
Mountmellick Urban,3172
Mountrath,2681
Nealstown,91
O'More's Forest,513
Portarlington South,7859
Portlaoighise (Maryborough) Rural,17352
Portlaoighise (Maryborough) Urban,3931
Rearymore,307
Rosenallis,442
Sallyford,604
Shaen,1001
Tinnahinch,175
Trumra,284
Ballybrophy,223
Borris-in-Ossory,1012
Clonmore,215
Errill,429
Kyle,224
Kyle South,296
Moneenalassa,149
Moneymore,141
Rathsaran,604
Ardough,369
Arless,408
Ballickmoyler,848
Ballylehane,203
Doonane,844
Farnans,208
Graigue Rural,5330
Newtown,330
Rossmore,464
Shrule,316
Turra,392
Longford No. 1 Urban,4043
Longford No. 2 Urban,1120
Agharra,480
Ballymahon,2970
Cashel East,278
Cashel West,651
Doory,416
Forgney,3066
Foxhall,611
Kilcommock,1161
Kilglass,730
Ledwithstown,379
Abbeylara,351
Ballinalee,648
Ballymuigh,237
Bunlahy,225
Columbkille,585
Coolamber,397
Creevy,326
Crosagstown,260
Currygrane,145
Dalystown,188
Drummeel,129
Firry/Newgrove,200
Gelshagh,366
Granard Rural,307
Granard Urban,1268
Knockanbaun,188
Lislea,140
Meathas Truim,2477
Milltown,367
Moatfarrell,210
Moyne,307
Mullanalaghta,320
Sonnagh,266
Aghaboy,687
Ardagh East,730
Ardagh West,509
Ballinamuck East,622
Ballinamuck West,530
Breanrisk,901
Caldragh,2690
Cloondara,718
Cloonee,767
Corboy,420
Drumgort,488
Drumlish,1682
Killashee,487
Killoe,298
Longford Rural,5685
Mountdavis,238
Moydow,802
Newtown Forbes,985
Rathcline,1700
Fair Gate,11007
St. Laurence Gate,4227
West Gate,6549
Dundalk Urban No. 1,2380
Dundalk Urban No. 2,1258
Dundalk Urban No. 3,1712
Dundalk Urban No. 4,6702
Ardee Rural,3009
Ardee Urban,5478
Castlebellingham,1882
Clonkeen,711
Collon,1860
Dromin,679
Dromiskin,2364
Drumcar,1415
Dunleer,3270
Stabannan,677
Tallanstown,1069
Ballymascanlan,2272
Barronstown,752
Carlingford,2220
Castlering,1092
Castletown,4381
Creggan Upper,875
Darver,643
Drummullagh,1505
Dundalk Rural,21293
Faughart,1065
Greenore,1250
Haggardstown,9301
Jenkinstown,1321
Killanny,922
Louth,1635
Mansfieldstown,880
Rathcor,1484
Ravensdale,1060
Clogher,3446
Dysart,1034
Monasterboice,1445
Mullary,1870
St. Peter's,10951
Termonfeckin,4003
St. Mary's,6754
Ceannanus Mær (Kells) Urban,2219
Navan Urban,3814
Trim Urban,1383
Drumcondra,1376
Grangegeeth,695
Killary,1291
Culmullin,1283
Donaghmore,14217
Dunboyne,10698
Dunshaughlin,8517
Kilbrew,4064
Killeen,1283
Kilmessan,1879
Kilmore,1907
Rathfeigh,1106
Ratoath,11894
Rodanstown,1865
Skreen,1673
Ardagh,682
Ballinlough,220
Balrathboyne,643
Boherboy,324
Burry,281
Carrickleck,457
Castlekeeran,513
Ceannanus Mær (Kells) Rural,4980
Cruicetown,417
Girley,458
Kilmainham,857
Kilskeer,444
Loughan,471
Maperath,495
Martry,792
Moybolgue,276
Moynalty,650
Newcastle,447
Newtown,1032
Nobber,822
Posseckstown,193
Staholmog,427
Teltown,982
Trohanny,344
Ardcath,2119
Duleek,6250
Julianstown,11501
Mellifont,573
St. Mary's,16403
Stamullin,5471
Ardbraccan,2363
Ardmulchan,1137
Bective,1177
Castletown,1034
Donaghpatrick,2004
Kentstown,2263
Navan Rural,31940
Painestown,1260
Rathkenny,699
Slane,1936
Stackallan,751
Tara,1466
Crossakeel,590
Crosskeys,377
Killallon,315
Killeagh,420
Knocklough,211
Moylagh,423
Oldcastle,2333
Stonefield,241
Ardnamullan,877
Athboy,2771
Ballyboggan,567
Ballyconnell,810
Castlejordan,440
Castlerickard,2247
Cloghbrack,552
Clonmacduff,516
Gallow,1065
Galtrim,791
Grennanstown,1260
Hill of Down,583
Innfield,4858
Kilbride,576
Kilcooly,408
Kildalky,1363
Killaconnigan,2297
Killyon,595
Laracor,696
Rahinstown,517
Rathmolyon,1660
Rathmore,1095
Summerhill,1453
Trim Rural,9201
Birr Urban,4726
Tullamore Urban,11957
Ballycumber,741
Banagher,2215
Birr Rural,1300
Broughal,121
Cloghan,1044
Clonmacnoise,345
Derrinboy,334
Derryad,276
Doon,543
Dromoyle,361
Drumcullen,454
Eglish,153
Ferbane,1281
Gallen,588
Hinds,369
Huntston,393
Kilcolman,398
Kilcormac,1486
Killyon,276
Kinnitty,596
Knockbarron,223
Lea,356
Letter,161
Lumcloon,353
Lusmagh,548
Mounterin,263
Moyclare,628
Seirkieran,497
Shannonbridge,272
Shannonharbour,363
Srah,721
Ballyburly,1388
Ballymacwilliam,652
Bracknagh,1141
Clonbulloge,825
Clonmore,508
Croghan,570
Edenderry Rural,890
Edenderry Urban,7612
Esker/Ballaghassaan,495
Knockdrin,198
Monasteroris,892
Aghancon,371
Ballincor,185
Barna,170
Cangort,200
Cullenwaine,784
Dunkerrin,385
Ettagh,515
Gorteen,291
Mountheaton,665
Roscomroe,159
Shinrone,1041
Templeharry,215
Tulla,108
Ballycommon,659
Ballyshear,407
Bawn,353
Cappancur,1701
Clara,4229
Clonygowan,727
Daingean,1619
Derrycooley,297
Durrow,798
Geashill,1659
Gorteen,366
Hammerlane,590
Kilclonfert,448
Kilcumreragh,553
Killeigh,1321
Killooly,271
Killoughy,771
Mountbriscoe,268
O'Dempsey,161
Portarlington North,2591
Rahan,753
Raheenakeeran,428
Rathfeston,460
Rathrobin,461
Screggan,1513
Silverbrook,822
Tinamuck,300
Tinnycross,467
Tullamore Rural,3555
Athlone East Urban,4811
Athlone West Urban,3403
Athlone East Rural,8020
Auburn,785
Ballybroder,240
Bellanalack,578
Carn,805
Castledaly,774
Glassan,922
Kilcumreragh,397
Killinure,469
Moate,3521
Mount Temple,743
Moydrum,3155
Muckanagh,186
Tubbrit,719
Umma,293
Ardnagragh,494
Ballymore,735
Doonis,259
Drumraney,261
Noughaval,417
Piercetown,129
Templepatrick,198
Winetown,147
Boherquill,183
Coole,249
Coolure,352
Finnea,248
Glore,186
Knockarrow,128
Rathowen,386
Street,268
Ballinlough,178
Ballyhealy,339
Ballynaskeagh,306
Bracklin,275
Clonarney,538
Collinstown,610
Copperalley,266
Delvin,1135
Faughalstown,296
Fore East,422
Fore West,404
Hilltown,276
Kilcumny,225
Killua,1143
Killulagh,493
Kilpatrick,243
Kinturk,1508
Riverdale,515
Rosmead,312
Ardnaglew,323
Ballinalack/Lackan,633
Ballykilmore,778
Ballymorin,389
Ballynagore,554
Belvidere,788
Carrick,348
Castle,1116
Castlelost,1736
Castletown,824
Churchtown,362
Cloghan,380
Clonfad,697
Clonlost,469
Derrymore,260
Dysart,268
Emper,217
Enniscoffey,431
Gaybrook,436
Glenlough,176
Greenpark,285
Griffinstown,605
Heathstown,749
Hopestown,570
Huntingdon,449
Jamestown,175
Kilbeggan,1909
Kilbixy,621
Killare,369
Killucan,2039
Kinnegad,3245
Knockdrim,609
Lauree,223
Middleton,389
Milltown,320
Mullingar Rural,11633
Mullingar North Urban,5877
Mullingar South Urban,5002
Multyfarnham,656
Newtown,262
Owel,480
Portloman,322
Raharney,524
Rahugh,310
Rathconrath,400
Russellstown,534
Skeagh,259
Sonna,357
Stonehall,236
Streamstown,517
Taghmon,449
Tullaghan,422
Woodland,294
Enniscorthy Urban,2695
New Ross Urban,3961
Rosbercon Urban,699
Wexford No. 1 Urban,1702
Wexford No. 2 Urban,4277
Wexford No. 3 Urban,1392
Ballindaggan,818
Ballycarney,503
Ballyhoge,1332
Ballyhuskard,1705
Ballymore,516
Ballyvaldon,802
Bolaboy,1252
Bree,1509
Castleboro,964
Castledockrell,502
Castle Ellis,1284
Castle Talbot,987
Clonroche,1333
Edermine,1597
Enniscorthy Rural,10897
Ferns,1598
Kilbora,433
Kilcormick,731
Killann,1041
Kilmallock,1550
Killoughrum,848
Kilrush,476
Kiltealy,510
Marshalstown,1113
Moyacomb,460
Newtownbarry,2440
Rossard,524
St. Mary's,787
The Harrow,522
The Leap,1029
Tinnacross,1037
Tombrack,840
Ardamine,4410
Balloughter,555
Ballybeg,630
Ballycanew,1227
Ballyellis,432
Ballygarrett,922
Ballylarkin,938
Ballynestragh,1381
Cahore,509
Coolgreany,1199
Courtown,3012
Ford,691
Gorey Rural,8365
Gorey Urban,3786
Huntingtown,365
Kilcomb,1180
Kilgorman,890
Killenagh,638
Killincooly,664
Kilnahue,488
Limerick,1056
Monamolin,878
Monaseed,725
Rossminoge,683
Wells,887
Wingfield,1045
Adamstown,675
Ballyanne,793
Ballyhack,1363
Barrack Village,104
Barronstown,636
Carnagh,546
Carrickbyrne,618
Clongeen,965
Clonleigh,463
Dunmain,329
Fethard,972
Horetown,678
Inch,602
Kilgarvan,433
Killesk,763
Kilmokea,886
Newbawn,579
New Ross Rural,4164
Oldcourt,741
Old Ross,498
Rathroe,922
Rochestown,265
Templeludigan,494
Templetown,840
Tintern,1744
Whitechurch,678
Whitemoor,621
Ardcavan,3011
Ardcolm,982
Artramon,807
Aughwilliam,587
Ballymitty,583
Bannow,1310
Bridgetown,963
Carrick,1831
Drinagh,1114
Duncormick,642
Forth,880
Glynn,609
Harperstown,560
Harristown,556
Kilbride,332
Kilcowan,525
Killag,508
Killinick,927
Killurin,768
Kilmore,2469
Kilpatrick,762
Kilscoran,1073
Lady's Island,625
Mayglass,600
Newcastle,537
Rathaspick,1818
Rosslare,2234
St. Helen's,2719
Tacumshin,507
Taghmon,1201
Tomhaggard,550
Wexford Rural,14194
Whitechurch,541
Arklow No. 1 Urban,10367
Arklow No. 2 Urban,3023
Bray No. 1,1876
Bray No. 2,6898
Bray No. 3,6606
Rathmichael (Bray),2348
Wicklow Urban,7102
Ballinguile,153
Baltinglass,3029
Blessington,4588
Burgage,2243
Donaghmore,463
Donard,586
Dunlavin,1580
Eadestown,215
Hartstown,270
Hollywood,820
Humewood,351
Imael North,257
Imael South,271
Kilbride,1093
Lackan,861
Lugglass,188
Rathdangan,498
Rathsallagh,291
Stratford,463
Talbotstown,456
The Grange,472
Tober,495
Togher,387
Tuckmill,314
Delgany,7707
Enniskerry,3173
Greystones,8137
Kilmacanoge,15082
Powerscourt,889
Altidore,388
Arklow Rural,1415
Aughrim,1973
Avoca,728
Ballinaclash,696
Ballinacor,369
Ballinderry,508
Ballyarthur,1144
Ballycullen,339
Brockagh,760
Calary,374
Cronebane,533
Dunganstown East,925
Dunganstown South,954
Dunganstown West,481
Ennereilly,465
Glendalough,311
Glenealy,2861
Kilbride,928
Kilcoole,12163
Killiskey,1637
Knockrath,252
Moneystown,340
Newcastle Lower,2472
Newcastle Upper,4790
Oldtown,671
Rathdrum,3173
Togher,1500
Trooperstown,348
Wicklow Rural,10247
Aghowle,262
Ballingate,415
Ballinglen,234
Ballybeg,217
Carnew,1873
Coolattin,286
Coolballintaggart,528
Coolboy,613
Cronelea,181
Kilballyowen,405
Killinure,369
Kilpipe,452
Money,165
Rath,287
Shillelagh,633
Tinahely,1634
Ennis No. 1 Urban,1562
Ennis No. 2 Urban,2116
Ennis No. 3 Urban,204
Ennis No. 4 Urban,1479
Kilrush Urban,2790
Abbey,525
Carran,146
Derreen,120
Drumcreehy,667
Gleninagh,153
Lisdoonvarna,1268
Mountelva,91
Noughaval/Castletown,182
Oughtmama,152
Rathborney,97
Boston,358
Corrofin,1362
Glenroe/Ballyeighter,222
Killinaboy,347
Kiltoraght,194
Muckanagh,374
Rath,268
Ruan,767
Clareabbey,3541
Clenagh,10905
Crusheen,1080
Doora,2147
Drumline,933
Dysert,334
Ennis Rural,19353
Furroor,288
Kilcloher,738
Killanniv,809
Killone,629
Kilnamona,959
Kilraghtis,576
Kinturk,313
Newmarket,2097
Sixmilebridge,2887
Spancelhill,725
Templemaley,1290
Tomfinlough,681
Urlan,1069
Annagh,516
Ballagh,191
Ballyea,781
Ballysteen,398
Ballyvaskin,422
Cloghaun,201
Cloonanaha,252
Clooney,245
Ennistimon,2514
Formoyle,223
Kilfenora,406
Killaspuglonane,309
Killilagh,816
Kilshanny,136
Liscannor,446
Lurraga,296
Magherareagh,317
Milltown Malbay,1769
Moy,765
Smithstown,161
Ballynacally,231
Clondagad,703
Coolmeen,266
Kilchreest,459
Kilfiddane,345
Killadysert,955
Killofin,311
Kilmurry,275
Liscasey,583
Lisheen,661
Rinealon,207
Cahermurphy,225
Cloonadrum,488
Clooncoorha,389
Cooraclare,514
Creegh,433
Doonbeg,790
Drumellihy,449
Einagh,312
Glenmore,389
Kilballyowen,255
Kilfearagh,373
Kilkee,1214
Killard,294
Killimer,425
Kilmihil,716
Kilmurry,838
Kilrush Rural,738
Knock,232
Knocknaboley,303
Knocknagore,204
Moveen,79
Moyarta,234
Mullagh,194
Querrin,210
Rahona,338
St. Martin's,95
Tullig,101
Tullycreen,155
Ballycannan,1041
Ballyglass,6030
Cappavilla,1111
Castlecrine,495
Cloghera,586
Cloontra,307
Cratloe,1404
Fahymore,364
Killeely,900
Killokennedy,158
Kilseily,819
Kiltenanlea,1987
Lackareagh,124
Mountievers,1410
O'Briensbridge,682
Ayle,373
Boherglass,288
Caherhurley,212
Cappaghabaun,210
Carrowbaun,158
Cloonusker,279
Coolreagh,213
Corlea/Cahermurphy,188
Derrynagittagh,147
Drummaan,651
Feakle,452
Inishcaltra North/Inishcaltra South,374
Killaloe,2300
Mountshannon,463
Ogonnelloe,794
Scarriff,1425
Ballyblood,154
Ballynahinch,252
Caher,225
Clooney,539
Dangan,245
Glendree,190
Kilkishen,1029
Killanena,282
Killuran,444
Kiltannon,210
Kyle,337
Loughea,161
Newgrove,281
Quin,1524
Rathclooney,134
Rossroe,718
Toberbreeda,185
Tulla,1138
Ballinlough A,849
Ballinlough B,1853
Ballinlough C,1656
Ballyphehane A,666
Ballyphehane B,846
Bishopstown A,2292
Bishopstown B,2016
Bishopstown C,5074
Bishopstown D,1513
Bishopstown E,3213
Blackpool A,760
Blackpool B,2364
Browningstown,1077
Centre A,1260
Centre B,2441
Churchfield,1543
City Hall A,1184
City Hall B,1244
Commons,1111
Evergreen,1437
Fair Hill A,716
Fair Hill B,753
Fair Hill C,3441
Farranferris A,2074
Farranferris B,895
Farranferris C,855
Gillabbey A,2568
Gillabbey B,1173
Gillabbey C,2116
Glasheen A,795
Glasheen B,843
Glasheen C,2702
Greenmount,2076
Gurranebraher A,726
Gurranebraher B,666
Gurranebraher C,1101
Gurranebraher D,923
Gurranebraher E,1086
Knocknaheeny,4049
Knockrea A,1613
Knockrea B,1187
Mahon A,5415
Mahon B,5148
Mahon C,3329
Mardyke,1051
Mayfield,2846
Montenotte A,1720
Montenotte B,2393
Pouladuff A,757
Pouladuff B,1643
St. Patrick's A,1955
St. Patrick's B,1403
St. Patrick's C,920
Shanakiel,3804
Shandon A,2130
Shandon B,1409
South Gate A,2588
South Gate B,1084
Sundays Well A,761
Sundays Well B,995
The Glen A,2504
The Glen B,3615
The Lough,1641
Tivoli A,1736
Tivoli B,2713
Togher A,2324
Togher B,683
Tramore A,769
Tramore B,1055
Tramore C,2979
Turners Cross A,807
Turners Cross B,1239
Turners Cross C,755
Turners Cross D,495
Clonakilty Urban,4475
Cobh Urban,6979
Fermoy Urban,2580
Kinsale Urban,2631
Macroom Urban,4395
Mallow North Urban,6484
Mallow South Urban,2879
Midleton Urban,3797
Skibbereen Urban,3059
Youghal Urban,7663
Ballinadee,610
Ballygroman,1789
Ballymodan,4660
Ballymurphy,994
Bandon,2267
Baurleigh,401
Bengour,318
Boulteen,695
Brinny,666
Cashel,441
Inishannon,2094
Kilbonane,1344
Kilbrittain,646
Kilbrogan,2902
Knockavilly,477
Knockroe,767
Moviddy,1592
Murragh,541
Rathclarin,717
Teadies,992
Templemartin,836
Ahil,264
Bantry Rural/Whiddy,1166
Bantry Urban,3358
Douce,260
Durrus East,283
Durrus West,690
Glanlough,221
Glengarriff,1181
Kealkill,588
Kilcaskan,895
Mealagh,401
Scart,331
Seefin,351
Sheepshead,198
Adrigole,497
Bear,218
Coulagh,582
Curryglass,427
Kilcatherine,780
Killaconenagh,1613
Kilnamanagh,380
Abbeymahon,743
Ardfield,838
Argideen,382
Butlerstown,458
Cahermore,406
Castleventry,278
Clonakilty Rural,2213
Coolcraheen,703
Courtmacsherry,905
Derry,512
Kilkerranmore,533
Kilmaloda East,378
Kilmaloda West,203
Kilmoylerane,339
Kilnagross,587
Knocks,333
Rathbarry,569
Rosscarbery,1160
Rossmore,370
Templeomalus,786
Timoleague,702
Ballincollig,20497
Ballygarvan,1926
Ballynaglogh,420
Bishopstown,421
Blackpool,1103
Blarney,5894
Caherlag,8080
Carrigaline,13249
Carrignavar,1325
Carrigrohane Beg,1617
Cobh Rural,9050
Douglas,22191
Dripsey,1618
Dunderrow,1734
Firmount,735
Glenville,716
Greenfort,807
Inishkenny,5946
Killeagh,688
Knockantota,1074
Knockraha,1767
Lehenagh,11841
Matehy,3290
Monkstown Rural,1262
Monkstown Urban,5401
Ovens,2836
Rathcooney,9083
Riverstown,4768
St. Mary's,6307
Whitechurch,3238
Aultagh,381
Ballingurteen,736
Ballymoney,885
Bealanageary,190
Bealock,279
Carrigboy,536
Castletown,500
Coolmountain,435
Drinagh,268
Dunmanway North,1264
Dunmanway South,1557
Garrown,311
Kinneigh,442
Manch,598
Milane,185
Teerelton,650
Aghern,239
Ballyhooly,1007
Ballynoe,778
Carrig,159
Castlecooke,222
Castle Hyde,861
Castlelyons,1202
Castletownroche,925
Coole,1210
Curraglass,429
Fermoy Rural,4971
Glanworth East,456
Glanworth West,1156
Gortnaskehy,330
Gortroe,815
Kilcor,408
Kilcummer,283
Kildinan,681
Killathy,422
Kilworth,1808
Knockmourne,1415
Leitrim,381
Rathcormack,2643
Watergrasshill,1930
Allow,523
Ballyhoolahan,295
Banteer,756
Barleyhill,561
Barnacurra,246
Bawncross,358
Boherboy,753
Castlecor,464
Castlemagner,720
Clonfert East,355
Clonfert West,150
Clonmeen,291
Coolclogh,399
Dromina,628
Glenlara,429
Gortmore,220
Greenane,1440
Kanturk,2287
Kilbrin,365
Kilmeen,344
Knockatooan,323
Knocktemple,510
Meens,457
Milford,692
Nad,98
Newmarket,1579
Newtown,983
Roskeen,493
Rosnalee,380
Rowls,162
Tincoora,515
Tullylease,412
Williamstown,504
Ballinspittle,727
Ballyfeard,408
Ballyfoyle,404
Ballymackean,398
Ballymartle,1409
Carrigaline,3212
Coolmain,458
Cullen,584
Farranbrien,532
Kilmonoge,1337
Kilpatrick,557
Kinsale Rural,5605
Kinure,395
Laherne,609
Leighmoney,814
Liscleary,5124
Nohaval,345
Templebreedy,4498
Templemichael,778
Aghinagh,518
Aglish,1525
B⁄al ?tha an Ghaorthaidh (Maigh Chromtha),561
Ceann Droma,333
Cannaway,722
Cleanrath,213
Clondrohid,894
Clonmoyle,608
Doire Fh›n›n,242
Gort na Tiobratan,474
Gowlane,1326
Greenville,309
Inchigeelagh,586
Kilberrihert,806
Kilcullen,888
Kilnamartery,731
Macloneigh,905
Magourney,1148
Mashanaglass,502
Mountrivers,726
Rahalisk,615
An Sliabh Riabhach,978
Na hUlﬂin,644
Warrenscourt,789
Ardskeagh,510
Ballyclogh,794
Ballynamona,1035
Buttevant,1965
Caherduggan,644
Carrig,225
Churchtown,1286
Clenor,373
Doneraile,1555
Dromore,3061
Imphrick,376
Kilmaclenine,709
Kilshannig,1140
Liscarroll,627
Mallow Rural,5045
Milltown,441
Monanimy,856
Rahan,926
Rathluirc,4446
Shanballymore,662
Skahanagh,173
Springfort,636
Streamhill,107
Templemary,344
Wallstown,270
Ballintemple,635
Ballycottin,1975
Ballyspillane,355
Carrigtohill,8181
Castlemartyr,1060
Clonmult,220
Cloyne,4730
Corkbeg,2810
Dangan,266
Dungourney,818
Garryvoe,699
Ightermurragh,3052
Inch,624
Lisgoold,1113
Midleton Rural,10049
Mogeely,781
Rostellan,1379
Templebodan,709
Templenacarriga,619
Caherbarnagh,534
Coomlogane,995
Crinnaloo,205
Cullen,443
Derragh,229
Doonasleen,470
Drishane,2032
Keale,357
Kilcorney,333
Knocknagree,610
Rathcool,563
Skagh,432
Ballyarthur,325
Derryvillane,528
Farahy,498
Kildorrery,807
Kilgullane,159
Kilphelan,557
Marshalstown,412
Mitchelstown,5219
Templemolaga,337
Aghadown North,299
Aghadown South,623
Bredagh,664
Caheragh,298
Cape Clear,308
Carrigbaun,346
Castlehaven North,817
Castlehaven South,550
Cloghdonnell,388
Cloonkeen,386
Drinagh,388
Dromdaleague North,297
Dromdaleague South,636
Garranes,409
Gortnascreeny,542
Kilfaughnabeg,615
Killeenleagh,371
Knockskagh,555
Myross,818
Shreelane,429
Skibbereen Rural,1400
Tullagh,833
Woodfort,393
Ballybane,289
Ballydehob,924
Coolagh,216
Crookhaven,205
Dunbeacon,187
Dunmanus,251
Goleen,224
Kilcoe,447
Lowertown,244
Skull,1120
Toormore,216
Ardagh,750
Clonpriest,1234
Kilcronat,212
Killeagh,1588
Kilmacdonogh,1034
Youghal Rural,1367
Killarney Urban,10487
Listowel Urban,4230
Tralee Urban,6104
Bahaghs,196
Baile an Sceilg,419
Ballybrack,102
Caher,2061
Caherdaniel,316
Canuig/Mﬂistir Gaoithe,225
Castlequin,583
Curraghbeg,187
Darrynane,193
Doire Ianna/Cloon,255
Emlagh,962
Glanbehy,1269
Killinane,298
Lickeen,99
Loughcurrane,343
Maum,265
Portmagee,365
Toghroinn Fh›onﬂin,175
Teeranearagh,297
Valencia,658
Ballinvoher,586
An Baile Dubh,136
Ballynacourty,298
C⁄ Bhr⁄anainn,159
Castlegregory,1041
An Clochﬂn,260
Deelis,376
An Daingean,1671
D∑n Chaoin,209
D∑n Urlann,481
Na Gleannta,1806
Inch,160
Cill Maoilch⁄adair,514
Cill Chuﬂin,422
Cinn Aird,330
Lack,273
Mﬂrthain,256
An Mhin Aird,444
Stradbally,238
Ceann Trﬂ,422
Ardea,193
Banawn,267
Cappagh,404
Castlecove,350
Dawros,611
Dromore,308
Glanlee,193
Glanlough,158
Glanmore,245
Greenane,226
Kenmare,3520
Kilgarvan,788
Loughbrin,136
Reen,172
Sneem,836
Tahilla,239
Aghadoe,870
Aglish,520
Ballyhar,200
Brewsterfield,805
Caragh,999
Churchtown,498
Clydagh,125
Coolies,900
Coom,2109
Curraghmore,382
Currans,270
Doocarrig,694
Dromin,852
Dunloe,862
Flesk,426
Headfort,1047
Kilbonane,632
Kilcummin,2348
Kilfelim,236
Kilgobnet,984
Killarney Rural,7735
Killeentierna,872
Killorglin,4670
Kilnanare,1052
Knocknahoe,307
Lahard,741
Milltown,2439
Molahiffe,1718
Muckross,881
Rathmore,1941
Rockfield,427
Ardagh,685
Astee,496
Ballincloher,461
Ballyconry,444
Ballyduff,846
Ballyegan,92
Ballyhorgan,455
Beal,150
Carrig,374
Causeway,628
Cloontubbrid,289
Drommartin,539
Duagh,521
Ennismore,559
Gullane,278
Gunsborough,369
Kilfeighny,993
Killehenny,2064
Killury,491
Kilmeany,752
Kilshenane,234
Kiltomy,425
Leitrim,560
Lislaughtin,552
Lisselton,348
Listowel Rural,1654
Lixnaw,1134
Moynsha,493
Newtownsandes,1135
Rathea,423
Shronowen,221
Tarbert,757
Tarmon,483
Trienearagh,486
Urlee,376
Abbeydorney,1244
Arabela,1664
Ardfert,1100
Ballyegan,384
Ballyheige,1446
Ballynahaglish,1684
Ballynorig,549
Ballyseedy,1968
Banna,793
Baurtregaum,360
Blennerville,719
Boolteens,504
Brosna,734
Carker,444
Castleisland,3392
Clogherbrien,1535
Cordal,279
Crinny,310
Derreen,204
Doon,677
Gneeves,375
Kerryhead,624
Kilflyn,264
Kilgarrylander,694
Kilgobban,297
Killahan,395
Kilmurry,304
Kiltallagh,558
Knockglass,397
Knocknagashel,733
Lackabaun,435
Millbrook,487
Mount Eagle,174
Nohaval,391
O'Brennan,538
Ratass,1080
Scartaglin,694
Tralee Rural,19032
Tubrid,870
Abbey A,4626
Abbey B,2807
Abbey C,670
Abbey D,1477
Ballinacurra A,2366
Ballinacurra B,1353
Ballynanty,3030
Castle A,1125
Castle B,549
Castle C,1429
Castle D,2063
Coolraine,1680
Custom House,893
Dock A,3080
Dock B,1255
Dock C,1121
Dock D,802
Farranshone,1028
Galvone A,1432
Galvone B,739
Glentworth A,641
Glentworth B,1218
Glentworth C,555
John's A,747
John's B,1038
John's C,503
Killeely A,1455
Killeely B,890
Market,2253
Prospect A,1061
Prospect B,647
Rathbane,1848
St. Laurence,988
Shannon A,1299
Shannon B,1242
Singland A,1651
Singland B,3777
Limerick North Rural,7364
Abbeyville,411
Adare North,617
Adare South,2225
Ballingarry,970
Ballyagran,506
Ballygrennan,296
Ballynabanoge,330
Ballynoe,496
Castletown,396
Coolrus,469
Crean,463
Crecora,461
Croom,1931
Dunnaman,698
Fedamore,1340
Garrane,317
Grange,553
Kilfinny,314
Kilpeacon,561
Rathmore,307
Fleanmore,230
Glin,1207
Kilfergus,442
Kilmoylan,398
Ardpatrick,370
Athlacca,402
Ballymacshaneboy,473
Bruff,1460
Bruree,1294
Bulgaden,332
Cahercorney,761
Colmanswell,535
Darragh,375
Dromin,577
Emlygrennan,850
Glenbrohane,474
Griston,309
Hospital,1296
Kilfinnane,1147
Kilflyn,231
Kilmallock,2389
Kilteely,611
Knockainy,784
Knocklong,918
Particles,222
Rockhill,337
Tobernea,694
Uregare,654
Abington,1367
Ballybricken,1932
Ballycummin,19394
Ballysimon,16540
Ballyvarra,4513
Caherconlish East,576
Caherconlish West,2318
Caherelly,388
Cappamore,1424
Carrig,658
Castleconnell,3607
Clarina,1993
Clonkeen,1055
Doon West,266
Glenstal,1240
Kilmurry,911
Limerick South Rural,2215
Patrickswell,1490
Roxborough,1580
Anglesborough,341
Ballylanders,659
Cullane,408
Duntryleague,326
Galbally,588
Kilbeheny,270
Kilglass,315
Knocknascrow,241
Riversdale,272
Abbeyfeale,2629
Ardagh,1037
Ballintober,386
Ballynoe West,336
Boola,142
Broadford,993
Caher,400
Cleanglass,264
Cloncagh,353
Danganbeg,433
Dromcolliher,928
Dromtrasna,930
Feenagh,340
Garryduff,263
Glenagower,540
Glengort,719
Glensharrold,446
Kilmeedy,368
Knockaderry,541
Mahoonagh,550
Monagay,1260
Mountcollins,492
Mountplummer,383
Newcastle Rural,2491
Newcastle Urban,5602
Port,498
Rathronan,937
Rooskagh,289
Templeglentan,1038
Askeaton East,626
Askeaton West,1232
Aughinish,252
Ballyallinan,421
Ballynacarriga,947
Castletown,460
Craggs,258
Croagh,833
Dromard,916
Dunmoylan East,523
Dunmoylan West,71
Iveruss,350
Kilcornan,839
Kildimo,688
Kilscannell,612
Lismakeery,479
Loghill,664
Mohernagh,125
Nantinan,714
Pallaskenry,1104
Rathkeale Rural,315
Rathkeale Urban,1408
Riddlestown,601
Shanagolden,922
Shanid,542
Bilboa,417
Doon South,1352
Grean,1548
Oola,1119
Templebredon,588
Nenagh East Urban,3538
Nenagh West Urban,5969
Templemore,2005
Thurles Urban,7122
Aglishcloghane,267
Ballingarry,579
Ballylusky,365
Borrisokane,1471
Carrig,186
Cloghjordan,1195
Cloghprior,326
Clohaskin,249
Finnoe,209
Graigue,303
Kilbarron,646
Lorrha East,301
Lorrha West,321
Mertonhall,194
Rathcabban,311
Redwood,126
Riverstown,609
Terryglass,575
Uskane,252
Abington,640
Aghnameadle,350
Ardcrony,636
Ballina,3414
Ballygibbon,673
Ballymackey,582
Ballynaclogh,745
Birdhill,743
Burgesbeg,484
Carrigatogher,748
Castletown,1497
Derrycastle,490
Dolla,212
Greenhall/Lackagh,427
Kilcomenty,743
Kilkeary,663
Killoscully,510
Kilmore,705
Kilnaneave,474
Kilnarath,376
Knigh,797
Latteragh,690
Monsea,694
Nenagh Rural,1980
Newport,3167
Templederry,115
Youghalarra,1001
Borrisnafarney,310
Borrisnoe,133
Bourney East,317
Bourney West,411
Killavinoge,480
Killea,371
Rathnaveoge,269
Roscrea,6606
Timoney,401
Ballycahill,424
Ballymurreen,241
Borrisoleigh,1257
Drom,1212
Foilnaman,371
Glenkeen,479
Gortkelly,594
Holycross,1437
Inch,407
Kilrush,556
Littleton,1057
Longfordpass,326
Loughmoe,662
Moyaliff,408
Moycarky,541
Moyne,534
Rahelty,779
Templetouhy,823
Thurles Rural,2365
Twomileborris,828
Upperchurch,311
Carrickbeg Urban,1484
Carrick-on-Suir Urban,4519
Cashel Urban,2652
Clonmel East Urban,4155
Clonmel West Urban,5814
Tipperary East Urban,2513
Tipperary West Urban,2047
Carrick-on-Suir Rural,515
Garrangibbon,663
Kilmurry,360
Newtown,410
Ardmayle,665
Ardsallagh,470
Ballysheehan,540
Cashel Rural,3083
Clogher,242
Cloneen,497
Clonoulty East,528
Clonoulty West,709
Colman,457
Cooleagh,582
Drangan,692
Fethard,997
Gaile,768
Graigue,155
Greystown,438
Killeenasteena,677
Killenaule,1223
Kilpatrick,1018
Knockgraffon,778
Magorban,717
Nodstown,622
Oughterleague,575
Peppardstown,1444
Tullamain,706
Ardfinnan,1178
Ballybacon,500
Ballyporeen,964
Burncourt,472
Caher,1230
Clogheen,1011
Coolagarranroe,622
Derrygrath,709
Kilcommon,2308
Kilcoran,573
Mortlestown,1689
Newcastle,726
Tubbrid,653
Tullaghmelan,1116
Tullaghorton,297
Ballyclerahan,1049
Clonmel Rural,5750
Inishlounaght,3489
Kilcash,791
Kilsheelan/Killaloan,1457
Kiltinan,299
Lisronagh,881
Anner,402
Ballingarry,767
Ballyphilip,410
Buolick,697
Crohane,282
Farranrory,453
Fennor,563
Kilcooly,314
Kilvemnon,444
Modeshil,382
Mullinahone,886
New Birmingham,452
Poyntstown,162
Ballycarron,346
Ballygriffin,263
Ballykisteen,892
Bansha,868
Bruis,333
Cappagh,1006
Clonbeg,777
Cullen,284
Curraheen,291
Donohill,656
Drumwood,626
Emly,682
Glengar,250
Golden,881
Kilfeakle,500
Killadriffe,561
Kilmucklin,576
Lattin,529
Rathlynin,384
Rodus,276
Shronell,390
Solloghodbeg,241
Templeneiry,461
Thomastown,385
Tipperary Rural,2159
Ballybeg North,2841
Ballybeg South/Ballynaneashagh,311
Ballybricken West,171
Ballymaclode,1298
Ballynakill,2269
Ballytruckle,6563
Bilberry,970
Centre A,889
Centre B,293
Cleaboy,2610
Custom House A,367
Custom House B,335
Farranshoneen,6004
Ferrybank,862
Gracedieu,2074
Grange North,898
Grange South,3211
Grange Upper,2510
Kilbarry,2758
Kingsmeadow,1305
Larchville,1008
Lisduggan,996
Military Road,844
Morrisson's Avenue East,667
Morrisson's Avenue West,291
Morrisson's Road,518
Mount Sion,1169
Newport's Square,565
Newtown,1048
Park,1589
Poleberry,1611
Roanmore,790
Shortcourse,356
Slievekeale,699
The Glen,1068
Ticor North,2109
Ticor South,446
Dungarvan No. 1 Urban,5102
Dungarvan No. 2 Urban,3834
Ballydurn,207
Carrickbeg Rural,463
Clonea,420
Fenoagh,236
Glen,461
Kilmeadan,845
Mothel,461
Portlaw,1653
Rathgormuck,239
Ross,308
Ballymacarbry,575
Graignagower,550
Gurteen,383
Kilmacomma,464
Kilronan,233
St. Mary's,733
Ardmore,246
Baile Mhac Airt,404
Bohadoon,326
Cappagh,408
Carriglea,559
Clonea,2505
Colligan,722
Coumaraglin,268
Dromana,832
Dromore,257
Dungarvan Rural,2096
Keereen,240
Knockaunbrandaun,209
Modelligo,338
Mountstuart,90
Ringville,1548
Seskinan,464
Whitechurch,223
Annestown,917
Ballylaneen,266
Carrigcastle,273
Comeragh,532
Dunhill,276
Fews,373
Fox's Castle,505
Gardenmorris,435
Georgestown,234
Kilbarrymeaden,471
Kilmacthomas,1423
Knockmahon,419
Mountkennedy,455
Newtown,502
Stradbally,900
Tinnasaggart,93
Ballyduff,341
Ballyhane,495
Ballyin,542
Ballynamult,207
Ballysaggartmore,363
Cappoquin,1297
Castlerichard,494
Drumroe,256
Gortnapeaky,221
Kilcockan,240
Kilwatermoy East,130
Kilwatermoy West,241
Lismore Rural,1256
Lismore Urban,777
Mocollop,237
Modelligo,335
Tallow,1322
Ballynakill,432
Drumcannon,419
Faithlegg,2115
Islandikane,2707
Kilbarry,245
Killea,1656
Killoteran,587
Kilmacleague,402
Kilmeadan,778
Newcastle,555
Pembrokestown,523
Rathmoylan,1228
Reisk,1304
Tramore,9949
Woodstown,635
Ardmore,810
Ballyheeny,603
Clashmore,466
Glenwilliam,197
Grallagh,241
Grange,387
Kinsalebeg,616
Templemichael,465
Ballybaan,13453
Ballybrit,943
Barna,16551
Castlegar,4315
Claddagh,2755
Dangan,4621
Eyre Square,4456
Knocknacarragh,1481
Lough Atalia,891
Menlough,5407
Mervue,2278
Murroogh,2909
Newcastle,2017
Nuns Island,1716
Rahoon,3486
Renmore,1454
Rockbarton,1837
St. Nicholas,3232
Salthill,3608
Shantalla,2015
Taylors Hill,3141
Wellpark,1848
Ballinasloe Urban,7361
Abbeygormacan,464
Ahascragh,619
Aughrim,576
Ballinasloe Rural,555
Ballymacward,316
Clonfert,454
Clontuskert,218
Kellysgrove,386
Kilconnell,658
Killaan,572
Killallaghtan,512
Killoran,288
Killure,739
Kilmacshane,234
Kiltormer,538
Kylemore,146
Laurencetown,397
Lismanny,264
Oatfield,446
Ballynakill,516
Bencorr,219
Bunowen,406
Cleggan,304
Clifden,2059
Cushkillary,272
Derrycunlagh/Derrylea,318
Doonloughan,97
Errislannan,234
An Uillinn,105
Inishbofin,184
An Cnoc Bu›,875
Moyrus,334
Abhainn Ghabhla,299
Rinvyle,1253
Roundstone,445
Sillerna,466
Scainimh,606
Eanach Dh∑in,1978
Aughrim,1317
Ballintemple,1609
Ballynacourty,1233
Barna,3866
Belleville,670
An Carn Mær,2791
Ceathr∑ an Bhr∑naigh,1040
Baile Chlﬂir,2388
Clarinbridge,4143
Deerpark,1440
Na Forbacha,1634
Galway Rural,211
?rainn,1347
Kilcummin,1403
Cill Aithn›n,1108
Lackaghbeg,1614
Liscananaun,1601
Lisheenavalla,1085
Maigh Cuilinn,2459
Oranmore,4721
Sailearna,1503
Sliabh an Aonaigh,797
An Spid⁄al,1842
Stradbally,1186
Tullokyne,2303
Ballinastack,340
Ballymoe,398
Ballynakill,434
Boyounagh,245
Creggs,351
Curraghmore,198
Glennamaddy,925
Island,252
Kilcroan,596
Kiltullagh,211
Raheen,525
Scregg,247
Shankill,355
Templetogher,419
Toberroe,315
Ardamullivan,722
Ardrahan,612
Ballycahalan,213
Beagh,789
Cahermore,620
Cappard,121
Castletaylor,693
Doorus,882
Drumacoo,1561
Gort,3186
Kilbeacanty,357
Killeely,1929
Killeenavarra,903
Killinny,492
Kiltartan,859
Kilthomas,101
Kinvarra,1558
Rahasane,363
Skehanagh,536
Aille,429
Athenry,5765
Ballynagar,217
Bracklagh,495
Bullaun,340
Cappalusk,416
Castleboy,571
Cloonkeen,485
Colmanstown,136
Craughwell,2092
Derrylaur,99
Drumkeary,625
Graigabbey,421
Grange,805
Greethill,1086
Kilchreest,307
Kilconickny,678
Kilconierin,741
Killimor,373
Killogilleen,981
Kilmeen,672
Kilreekill,373
Kilteskill,393
Kiltullagh,827
Lackalea,425
Leitrim,553
Loughrea Rural,898
Loughrea Urban,6322
Marblehill/Loughatorick,398
Mountain,299
Movode,297
Raford,645
Tiaquin,792
Woodford,468
Annagh,383
Ballynakill,647
Caltra,380
Castleblakeney,551
Castleffrench,522
Clonbrock,606
Cloonkeen,353
Cooloo,580
Derryglassaun,976
Killeroran,1301
Killian,364
Mount Bellew,1972
Mounthazel,544
Taghboy,229
Camas,332
An Fhairche,1267
Conga,528
An Crompﬂn,2665
An Chorr,154
Garmna,1324
Cill Chuim›n,170
Letterbrickaun,262
Letterfore,283
Leitir Mæir,883
Oughterard,2819
An Ros,89
An Turlach,555
Wormhole,2602
Abbeyville,274
Ballyglass,179
Coos,111
Derrew,186
Drummin,390
Eyrecourt,468
Killimor,715
Kilmalinoge,221
Kilquain,303
Meelick,296
Moat,153
Pallas,406
Portumna,2504
Tiranascragh,184
Tynagh,472
Abbey East,655
Abbey West,884
Addergoole,587
Annaghdown,1451
Ballinderry,597
Ballinduff,725
Ballynapark,1101
Beaghmore,394
Belclare,792
Carrownagur,405
Carrowrevagh,485
Claretuam,1132
Clonbern,388
Cloonkeen,493
Cummer,1160
Donaghpatrick,584
Doonbally,626
Dunmore North,604
Dunmore South,891
Foxhall,675
Headford,1864
Hillsbrook,693
Kilbennan,349
Kilcoona,662
Killeany,617
Killeen,734
Killererin,770
Killower,925
Killursa,1135
Kilmoylan,1171
Kilshanvy,420
Levally,437
Milltown,704
Monivea,794
Moyne,703
Ryehill,878
Toberadosh,399
Tuam Rural,6556
Tuam Urban,3924
Ballinamore,1317
Cloverhill,321
Corrala,247
Drumreilly North,178
Drumreilly South,153
Garadice,586
Greaghglass/Stralongford,372
Killygar,128
Newtowngore,299
Oughteragh,98
Aghacashel,82
Annaduff,249
Barnameenagh,152
Carrick-on-Shannon,4445
Drumreilly West/Drumreilly East,167
Drumshanbo,1632
Drumsna,740
Gortnagullion,308
Gowel,360
Keshcarrigan,618
Kiltubbrid,182
Leitrim,1380
Moher,217
Yugan,238
Aghalateeve/Aghanlish,232
Aghavoghill/Melvin,233
Gubacreeny,803
Kinlough,1036
Tullaghan,755
Ballaghameehan,196
Belhavel,297
Cloonclare,153
Cloonlogher,310
Drumahaire,1714
Drumkeeran,287
Garvagh/Arigna,233
Glenade,156
Glenaniff,181
Glenboy,237
Glencar,283
Glenfarn,161
Killanummery,366
Killarga,221
Kiltyclogher,255
Lurganboy,444
Mahanagh,346
Manorhamilton,2064
Munakill,186
Sramore,406
St. Patrick's,131
Aghavas,321
Beihy,336
Breandrum,274
Bunnybeg,154
Carrigallen East,302
Carrigallen West,629
Cashel,184
Castlefore,237
Cattan,269
Cloone,386
Corriga,167
Drumard,223
Drumdoo,356
Drumod,1010
Fenagh,369
Gortermone,289
Keeldra,199
Lisgillock,206
Mohill,1317
Rinn,466
Riverstown,243
Roosky,832
Rowan,275
Ardnaree South Urban,2416
Ballina Urban,4246
Castlebar Urban,6635
Westport Urban,6252
Ardagh,365
Ardnaree North,954
Ardnaree South Rural,3096
Attymass East,378
Attymass West,273
Ballina Rural,3199
Ballycastle,585
Ballysakeery,620
B⁄al Deirg Mær,150
Bunaveela,78
Carrowmore,896
Crossmolina North,1105
Crossmolina South,870
Deel,491
Derry,202
Fortland,556
Kilfian East,242
Kilfian South,250
Kilfian West,109
Kilgarvan,857
Killala,1325
Lackan North,306
Lackan South,460
Letterbrick,114
Mount Falcon,1300
Rathoma,248
Sallymount,509
Sraheen,1179
Baile an Chalaidh,235
Ballinrobe,4118
Ballyovey,238
Burriscarra,453
An Cheapaigh Dhuibh,366
Cong,994
Coonard,306
Dalgan,1169
Hollymount,867
Houndswood,659
Kilcommon,676
Kilmaine,1014
Neale,879
Newbrook,554
Abhainn Bhrain,213
Portroyal,603
Roslee,443
Shrule,1211
An Geata Mær Thuaidh,1014
An Geata Mær Theas,881
Bangor,508
Barr R∑sca›,99
B⁄al an Mhuirthead,2143
Gleann na Muaidhe,209
Gleann Chaisil,499
Glenco/Sheskin,80
Goolamore,130
Cnoc an Daimh,314
Cnoc na Lobhar,768
Moing na Bæ,249
Na Monga,223
Cnoc na Rﬂithe,695
Addergoole,900
Balla,1661
Ballinafad,621
Ballyhean,640
Ballynagoraher,347
Bellavary,1084
Breaghwy,1964
Burren,366
Castlebar Rural,7935
Clogher,618
Cloonkeen,779
Croaghmoyle,180
Killavally,518
Manulla,991
Pontoon,512
Strade,647
Tawnynagry,378
Turlough,1560
Ballindine,917
Ballyhaunis,3531
Ballyhowly,479
Bekan,776
Caraun,349
Claremorris,4740
Cloghermore,165
Course,455
Crossboyne,600
Culnacleha,483
Garrymore,473
Kilcolman,455
Kilvine,667
Knock North,1004
Knock South,799
Loughanboy,323
Mayo,437
Murneen,372
Tagheen,187
Aghamore,650
Ballinamore,342
Bohola,325
Brackloon,655
Callow,442
Cloonmore,434
Coolnaha,511
Cuildoo,357
Doocastle,383
Kilbeagh,1068
Kilkelly,961
Killedan,687
Kilmovee,660
Kiltamagh,1626
Meelick,541
Sonnagh,1242
Swineford,2629
Toocananagh,464
Toomore,1724
Tumgesh,350
Urlaur,513
Acaill,798
Aghagower North,1070
Aghagower South,110
Aillemore,367
Ballycroy North,285
Ballycroy South,332
Clare Island,194
Clogher,948
An Corrﬂn,712
Croaghpatrick,699
Derryloughan,771
Dumha ?ige,592
Drummin,182
Emlagh,331
Erriff,112
Glenhest,257
Islandeady,1079
Kilgeever,102
Kilmaclasser,686
Kilmeena,1616
Kilsallagh,575
Knappagh,817
Louisburgh,1117
Newport East,1318
Newport West,799
Owennadornaun/Bundorragha,159
Slievemahanagh,525
Slievemore,968
Srahmore,157
Westport Rural,1739
Athlone West Rural,5282
Ballydangan,784
Ballynamona,547
Caltragh,279
Carnagh,841
Carrowreagh,554
Castlesampson,408
Cloonburren,231
Cloonown,271
Crannagh,1226
Creagh,1005
Culliagh,208
Drumlosh,358
Dysart,229
Kilcar,384
Kiltoom,1716
Lecarrow,333
Moore,330
Rockhill,436
Taghboy,535
Taghmaconnell,315
Thomastown,777
Turrock,322
Aghafin,142
Aughrim East,242
Aughrim West,180
Ballyfarnan,271
Ballyfermoyle,173
Boyle Rural,1775
Boyle Urban,1597
Breedoge,249
Cloonteen,312
Creeve,137
Croghan,416
Crossna,209
Danesfort,963
Estersnow,99
Keadew,544
Kilbryan,400
Kilcolagh,134
Killukin,282
Killummod,129
Kilmacumsy,339
Kilmore,184
Lisgarve/Mantua,212
Lough Allen/Altagowlan,300
Oakport,523
Rockingham,339
Rushfield,402
Tivannagh,267
Tumna North,175
Tumna South,207
Artagh North,864
Artagh South,463
Ballaghaderreen,3254
Ballinlough,1138
Ballintober,855
Baslick,147
Bellanagare,693
Buckill,353
Carrowduff,212
Castleplunket,563
Castlereagh,3268
Castleteheen,324
Cloonfower,346
Coolougher,509
Edmondstown,458
Fairymount,332
Frenchpark,1018
Kiltullagh,1185
Loughglinn,780
Annaghmore,304
Athleague East,510
Athleague West,610
Ballygarden,223
Bumlin,534
Cams,506
Cloonfinlough,176
Cloontuskert,1315
Cloonygormican,441
Cloonyquin,255
Creeve,156
Cregga,166
Drumdaff,481
Dunamon,328
Elia,137
Elphin,893
Fuerty,796
Kilbride North,418
Kilbride South,386
Kilgefin,300
Kilglass North,505
Kilglass South,354
Killavackan,229
Killukin,190
Kilteevan,553
Lackan,379
Lismaha,365
Lissonuffy,171
Mote,1009
Ogulla,399
Roosky,818
Roscommon Rural,5513
Roscommon Urban,2034
Rosmoylan,215
Rossmore,169
Scregg,556
Strokestown,1232
Termonbarry,972
Tulsk,326
Sligo East,4940
Sligo North,6127
Sligo West,7788
Aghanagh,391
Ballynashee,386
Coolavin,461
Cuilmore,555
Drumrat,540
Kilfree,541
Killadoon,276
Killaraght,456
Kilmactranny,360
Kilshalvy,298
Shancough,134
Templevanny,241
Toomour,227
Aughris,171
Buncrowey,294
Castleconor East,239
Castleconor West,1095
Dromard East,180
Dromard West,207
Dromore,527
Easky East,626
Easky West,664
Kilglass,1765
Rathmacurkey,598
Skreen,175
Templeboy North,314
Templeboy South/Mullagheruse,260
Toberpatrick East,232
Toberpatrick West,306
Ballintogher East,661
Ballintogher West,457
Ballymote,2269
Ballynakill,462
Ballysadare East,1387
Ballysadare West,361
Bricklieve,213
Calry,1792
Carney,714
Carrickbanagher,707
Cliffony North,1000
Cliffony South,577
Collooney,3188
Drumcliff East,764
Drumcliff West,1826
Drumcolumb,273
Drumfin,412
Glencar,259
Kilmacowen,2347
Knockaree,4077
Lakeview,511
Lisconny,394
Lissadill East,862
Lissadill North,1549
Lissadill West,639
Riverstown,753
Rossinver East,191
Rossinver West,243
Achonry East,468
Achonry West,810
Aclare,233
Annagh,200
Banada,610
Branchfield/Carrownaskeagh,155
Breencorragh,117
Cartron,157
Cloonoghill,307
Coolaney,1563
Glendarragh,234
Kilmacteige,226
Kilturra,226
Leitrim,381
Loughill/Cloonacool,380
Owenmore,102
Streamstown,255
Temple,394
Tobercurry,3118
Cavan Urban,3868
Bailieborough,4230
Carnagarve,627
Crossbane,677
Drumanespick,498
Enniskeen,482
Killinkere,503
Kingscourt,3705
Lisagoan,414
Mullagh,2535
Shercock,1276
Skeagh,445
Taghart,661
Termon,582
Ballyconnell,1859
Ballymagauran,236
Bawnboy,625
Bilberry,199
Carn,213
Diamond,151
Doogary,136
Kinawley,111
Lissanover,291
Pedara Vohers/Tircahan,191
Swanlinbar,381
Templeport/Benbrack,302
Ballyjamesduff,3548
Castlerahan,897
Kilbride,998
Lurgan,624
Munterconnaught,1182
Virginia,5210
Ardue,897
Arvagh,967
Ashfield,414
Ballintemple,431
Ballyhaise,1152
Ballymachugh,838
Bellananagh,1628
Belturbet Urban,1759
Bruce Hall,208
Butler's Bridge,501
Canningstown,543
Carrafin,439
Castlesaunderson,314
Cavan Rural,8747
Clonervy,919
Cootehill Rural,1138
Cootehill Urban,1705
Corr,284
Corraneary,448
Crossdoney,610
Crosskeys,707
Cuttragh,454
Denn,707
Derrin,473
Drumcarban,636
Drumcarn,518
Drung,541
Graddum,589
Grilly,512
Kilconny,643
Kill,394
Killashandra,1092
Killykeen,646
Kilnaleck,1216
Knappagh,487
Larah North,478
Larah South,507
Milltown,404
Moynehall,1739
Rakenny,440
Redhill,468
Springfield,173
Stradone,855
Tullyvin East,609
Tullyvin West,330
Waterloo,780
Derrylahan,97
Dowra,160
Dunmakeever/Derrynananta,190
Eskey,322
Killinagh/Teebane,144
Tuam,346
Drumlumman,674
Kilcogy,452
Kilgolagh,331
Loughdawan,329
Scrabby,662
Buncrana Urban,3279
Bundoran Urban,2124
Letterkenny Urban,2624
Ballintra,755
Ballyshannon Rural,1738
Ballyshannon Urban,1714
Bundoran Rural,1179
Carrickboy,389
Cavangarden,464
Cliff,249
Ballintra,772
Binbane,169
Bonnyglen,387
Clogher,928
Corkermore,339
Donegal,4179
Dunkineely,904
Eanymore,547
Grousehall,84
Haugh,235
Inver,795
Laghy,799
Lough Eask,350
Pettigoe,368
Tantallon,1745
Tawnawully,350
Templecarn,105
Tullynaught,657
Ards,805
Creenasmear,314
Creeslough,783
Cross Roads,2071
Doe Castle,278
Dunfanaghy,1015
D∑n L∑iche,689
Gort an Choirce,1693
Machaire Chlochair,2841
M›n an Chladaigh,1408
Anagaire,2274
?rainn Mhær,478
Ardara,1280
Cræ Bheithe,165
Cræ Chaorach,123
Crownarad,347
Dawros,717
An D∑choraidh,82
An Clochﬂn Liath,1919
Baile na Finne,294
Gleann Cholm Cille,732
Glengesh,694
Gleann L⁄ith›n,156
Glenties,1475
An Ghrafaidh,150
Inis Caoil,84
Cill Charthaigh,669
Cill Ghabhlaigh,365
Killybegs,2333
Largymore,523
Leitir Mhic an Bhaird,727
Maas,272
An Machaire,754
Mﬂlainn Bhig,373
Mulmosog,238
Inis Mhic an Doirn,1496
Tieveskeelta,134
Ardmalin,673
Ballyliffin,1529
Birdstown,1324
Buncrana Rural,4039
Burt,1333
Carndonagh,2519
Carthage,917
Castlecary,692
Castleforward,1345
Culdaff,1027
Desertegny,751
Dunaff,705
Fahan,1634
Glennagannon,791
Gleneely,859
Glentogher,1240
Greencastle,1140
Illies,945
Inch Island,396
Kilderry,2151
Killea,1802
Malin,770
Mintiaghs,890
Moville,2293
Newtown Cunningham,1028
Redcastle,967
Straid,1298
Three Trees,724
Turmone,316
Whitecastle,977
Ballymacool,2741
Castlewray,3681
Church Hill,400
Corravaddy,1739
Edenacarnan,1824
Gartan,203
Gortnavern,1303
Killymasny,512
Kincraigy,1036
Letterkenny Rural,12191
Magheraboy,1719
Manorcunningham,1314
Seacor,93
Templedouglas,1089
Ballyarr,735
Carrickart,965
Carrowkeel,881
Cranford,610
Fanad North,540
Fanad West,398
Glen,262
Glenalla,530
Greenfort,359
Killygarvan,120
Kilmacrenan,1525
Knockalla,286
Loughkeel,331
Millford,1633
Rathmelton,2494
Rathmullan,965
Ros Goill,856
Rosnakill,264
Termon,568
Altnapaste,416
Castlefinn,1252
Cloghan,935
Cloghard,621
Clonleigh North,1429
Clonleigh South,2156
Convoy,2559
Dooish,1170
Feddyglass,456
Figart,1131
Gleneely,1672
Goland,359
Killygordon,1146
Knock,1922
Lettermore,368
Meencargagh,148
Raphoe,1521
St. Johnstown,1396
Stranorlar,4706
Treantaghmucklagh,860
Urney West,640
Carrickmacross Urban,2331
Castleblayney Urban,1014
Clones Urban,1127
Monaghan Urban,2285
Ballymackney,1001
Bocks,779
Carrickmacross Rural,4291
Corracharra,323
Crossalare,827
Donaghmoyne,704
Drumboory,571
Drumcarrow,515
Drumgurra,742
Enagh,819
Inishkeen,1182
Kilmurry,669
Kiltybegs,716
Loughfea,686
Raferagh,447
Annayalla,572
Ballybay Rural,1593
Ballybay Urban,318
Bellatrain,272
Broomfield,831
Carrickaslane,715
Carrickatee,378
Castleblayney Rural,3948
Church Hill,748
Creeve,705
Cremartin,1242
Greagh,481
Laragh,576
Mullyash,380
Aghabog,318
Anny,391
Clones Rural,1612
Cormeen,527
Currin,729
Dawsongrove,752
Drum,190
Drummully,136
Killeevan,330
Killynenagh,219
Lisnaveane,435
Newbliss,918
St. Tierney,390
Anketell Grove,1278
Bellanode,1571
Bragan,318
Caddagh,544
Castleshane,1013
Clones,517
Clontibret,792
Derrygorry,292
Drumhillagh,716
Drumsnat,1069
Emyvale,1158
Enagh,548
Figullar,556
Glaslough,964
Killylough,614
Kilmore,508
Monaghan Rural,6411
Rackwallace,974
Scotstown,1208
Shanmullagh,248
Sheskin,683
